{"cameraMode":{"drawMode":0,"name":"Shaded","section":"Shading Mode"},"sceneLighting":false,"audioPlay":false,"sceneViewState":{"showFog":true,"showMaterialUpdate":false,"showSkybox":false,"showFlares":true,"showImageEffects":true,"showParticleSystems":true},"in2DMode":false,"pivot":{"x":6.327543258666992,"y":2.3660192489624025,"z":-11.228500366210938},"rotation":{"x":0.0370028130710125,"y":0.943632185459137,"z":-0.11292469501495362,"w":0.30903160572052},"size":46.345211029052737,"orthographic":false}