{"cameraMode":{"drawMode":0,"name":"Shaded","section":"Shading Mode"},"sceneLighting":false,"audioPlay":false,"sceneViewState":{"showFog":true,"showMaterialUpdate":false,"showSkybox":false,"showFlares":true,"showImageEffects":true,"showParticleSystems":true},"in2DMode":false,"pivot":{"x":2.169268846511841,"y":8.275585174560547,"z":-4.976011276245117},"rotation":{"x":0.08623172342777252,"y":-0.850813090801239,"z":0.4969272315502167,"w":0.14772693812847138},"size":8.85519790649414,"orthographic":false}