{"cameraMode":{"drawMode":0,"name":"Shaded","section":"Shading Mode"},"sceneLighting":false,"audioPlay":false,"sceneViewState":{"showFog":true,"showMaterialUpdate":false,"showSkybox":false,"showFlares":true,"showImageEffects":true,"showParticleSystems":true},"in2DMode":false,"pivot":{"x":-1.4189305305480958,"y":1.7381618022918702,"z":-7.06851053237915},"rotation":{"x":0.11706668138504029,"y":-0.0966699942946434,"z":0.011450380086898804,"w":0.9883416891098023},"size":3.0312438011169435,"orthographic":false}